{
"residence_time_mass": [
3.482478082646256e-05,
0.04373667920437027,
0.019109016257085245,
0.019370282055586073,
9.601804934431771e-05,
0.02150883990566353,
0.032037298150011426,
2.041514482680751e-05,
1.6507071734415584e-05,
0.02137698239066568
],
"residence_time_number": [
2.514850704150934,
1.3513102200996392,
1.3429101317281078,
1.3304135412944582,
2.5841143427690922,
1.3544187532261511,
1.3264885836829698,
2.446993209631495,
2.297520324356882,
1.3499217005745576
],
"persistence_mass": [
0.23091942923056832,
0.043762936010049415,
0.019139012715898147,
0.01937381291670945,
0.21488851590826208,
0.021523731758288586,
0.03206961165994692,
0.24497538447331357,
0.20191797206188658,
0.02137840393449854
],
"persistence_number": [
128799.05598156888,
62985.421304224124,
72427.92702428707,
61719.27565528143,
128022.23646410473,
67536.7559745103,
58161.641676071195,
130638.83661462102,
108799.7264170885,
67550.72080197775
],
"C_g_m3_Ocean_Surface_Water": [
1.6946585164745363e-12,
2.9126519579474826e-08,
2.9679907209321785e-08,
2.6388539980223807e-08,
4.870277250949308e-12,
2.9536058901384245e-08,
2.614855163507042e-08,
9.705936831428099e-13,
8.430410336630256e-13,
2.9542613930891787e-08
]
}